uuid_id,color,companies_mentioned,confidence_score,deal_date,deal_type,deal_value,description,id,label,source,source_company,target,target_company,weight
d811f3d7-1ae3-4cfc-96a4-aee4413140dc,#10b981,"Retool, Linear",0.7819920292980451,2024-11-22,partnership,,Strategic partnership within stripe ecosystem ecosystem,69afa19f-a4f0-4093-8227-420ddbd040e8,partnership (2024),YC_Relationship_Generator,Retool,linear,Linear,2
c4297f61-18da-410b-b5be-e8fdc9aa0638,#10b981,"Retool, PlanetScale",0.8327965827682552,2025-03-17,partnership,,Strategic partnership within stripe ecosystem ecosystem,e36a6e1b-d188-4f93-976d-0e8c1a0ac9d5,partnership (2025),YC_Relationship_Generator,Retool,planetscale,PlanetScale,2
c470084d-dc23-49fa-8ef1-f66bf992cbf3,#10b981,"Linear, Vercel",0.8738565679747812,2025-07-25,partnership,,Strategic partnership within stripe ecosystem ecosystem,84c13ccc-c500-4030-8bf7-fd23d5a25a24,partnership (2025),YC_Relationship_Generator,Linear,vercel,Vercel,2
b9aa87ec-2ee1-42ce-b496-3eb2c690887b,#10b981,"Linear, PlanetScale",0.7698405564877557,2024-02-27,partnership,,Strategic partnership within stripe ecosystem ecosystem,b920f174-73a7-4445-bf60-c2e2e8a08d3f,partnership (2024),YC_Relationship_Generator,Linear,planetscale,PlanetScale,2
2c4d6e43-7798-4f3c-b704-dde727e01a7f,#10b981,"Vercel, PlanetScale",0.7206472260044403,2025-05-10,partnership,,Strategic partnership within stripe ecosystem ecosystem,8229c43a-8a99-49ea-9c6c-6e849e50126e,partnership (2025),YC_Relationship_Generator,Vercel,planetscale,PlanetScale,2
640f502b-f314-45c4-8721-434d9c694f80,#10b981,"Anthropic, Scale AI",0.8170660408815089,2024-09-21,partnership,,Strategic partnership within openai ecosystem ecosystem,f5a4911a-5986-4e13-a5dd-d1140dfcab08,partnership (2024),YC_Relationship_Generator,Anthropic,scale_ai,Scale AI,2
34b03afb-6587-4147-a9c7-cb1ce954d224,#10b981,"Anthropic, Weights & Biases",0.8046740526808871,2025-07-09,partnership,,Strategic partnership within openai ecosystem ecosystem,83728bef-fcb6-4361-8985-01fc6e28bfc9,partnership (2025),YC_Relationship_Generator,Anthropic,weights_&_biases,Weights & Biases,2
562e4741-c992-4b0e-8232-3093ae167521,#10b981,"Scale AI, Weights & Biases",0.8132029248426296,2024-08-08,partnership,,Strategic partnership within openai ecosystem ecosystem,508f9d33-ff23-4cff-8827-c064db459e6f,partnership (2024),YC_Relationship_Generator,Scale AI,weights_&_biases,Weights & Biases,2
da271518-43d9-44b8-8b71-313df400da4a,#10b981,"Vercel, Railway",0.8132562865750018,2024-11-15,partnership,,Strategic partnership within devtools cluster ecosystem,d50bc7fa-20a8-497e-92fd-a3990363e786,partnership (2024),YC_Relationship_Generator,Vercel,railway,Railway,2
19f3f68b-b111-4601-9cb0-2f457b928e41,#10b981,"Vercel, Render",0.7961630386751373,2023-09-26,partnership,,Strategic partnership within devtools cluster ecosystem,ac45d191-b66c-4d1e-a846-285697f098f6,partnership (2023),YC_Relationship_Generator,Vercel,render,Render,2
2d6ceceb-7675-4480-9b50-c2aea1734d0c,#10b981,"Vercel, Fly.io",0.7522903326011572,2024-10-11,partnership,,Strategic partnership within devtools cluster ecosystem,71db6453-1821-450b-a317-18d68f7f4056,partnership (2024),YC_Relationship_Generator,Vercel,fly.io,Fly.io,2
bebc20a5-8cd9-4e0d-8045-4556859094ab,#10b981,"PlanetScale, Railway",0.7436507022757559,2025-04-03,partnership,,Strategic partnership within devtools cluster ecosystem,fb08aa3e-d94f-477c-a5ae-db5efd6b12fb,partnership (2025),YC_Relationship_Generator,PlanetScale,railway,Railway,2
8cd3975a-4a04-4a85-b4be-cb32bc33be2d,#10b981,"PlanetScale, Render",0.7195573632698666,2024-10-24,partnership,,Strategic partnership within devtools cluster ecosystem,1dae2465-0d96-4bad-9b3d-818eb4872bd4,partnership (2024),YC_Relationship_Generator,PlanetScale,render,Render,2
4b846594-1bb1-47a9-99a3-21e98a5550d7,#10b981,"PlanetScale, Fly.io",0.8328326955867645,2024-04-16,partnership,,Strategic partnership within devtools cluster ecosystem,bdbcd27f-0850-4f1d-952c-60d0834a2e7f,partnership (2024),YC_Relationship_Generator,PlanetScale,fly.io,Fly.io,2
2ab63fd3-51aa-4f2f-a14f-e10bd8a8afb0,#10b981,"Railway, Fly.io",0.9408635886370397,2024-11-07,partnership,,Strategic partnership within devtools cluster ecosystem,a8b0953a-d5c3-4da2-bd76-99acb0ada845,partnership (2024),YC_Relationship_Generator,Railway,fly.io,Fly.io,2
b6f7a844-08b2-4f5f-bf3f-c0c9d8d66c3b,#10b981,"Render, Fly.io",0.853278290070151,2024-11-03,partnership,,Strategic partnership within devtools cluster ecosystem,6ab2b780-50b5-4b4d-b235-0d55eb4890fb,partnership (2024),YC_Relationship_Generator,Render,fly.io,Fly.io,2
066b79af-7326-4ef4-970f-0d2867bb049b,#10b981,"Stripe, Brex",0.906341832440942,2024-05-20,partnership,,Strategic partnership within fintech cluster ecosystem,962ba833-6400-4b32-a475-76b174fced7d,partnership (2024),YC_Relationship_Generator,Stripe,brex,Brex,2
4370680e-a598-4b05-b4ff-e1ba07633e9f,#10b981,"OpenAI, Anthropic",0.7322862795937705,2024-09-06,partnership,,Strategic partnership within ai cluster ecosystem,491eb1d6-34f7-45ff-bac0-b785cd20e0a6,partnership (2024),YC_Relationship_Generator,OpenAI,anthropic,Anthropic,2
8aea019d-1982-4e16-bc53-dad0101fe7e7,#10b981,"OpenAI, Scale AI",0.747121444709051,2025-05-12,partnership,,Strategic partnership within ai cluster ecosystem,44ab98e2-9477-41f8-b2ad-9d8d590ed0bf,partnership (2025),YC_Relationship_Generator,OpenAI,scale_ai,Scale AI,2
744b7869-e5d3-4301-9483-7ccdecb30a43,#10b981,"OpenAI, Weights & Biases",0.8219050815312132,2024-06-20,partnership,,Strategic partnership within ai cluster ecosystem,c0900f4d-5c57-4f1a-9d5b-0b41f5047ad1,partnership (2024),YC_Relationship_Generator,OpenAI,weights_&_biases,Weights & Biases,2
69c4025b-d461-4182-aea3-8a4ff900adf1,#64748b,"Stripe, Gumroad",0.8421620944728654,2025-05-01,partners_with,,Fintech partners with E-commerce,3bfaae0f-b0da-444b-8249-5e2fa837bd93,partners_with (2025),YC_Relationship_Generator,Stripe,gumroad,Gumroad,2
54ebfe49-8998-47ea-834a-075a7e6ffb0a,#64748b,"Plaid, Teespring",0.921213412607865,2023-10-15,partners_with,,Fintech partners with E-commerce,0b8696b6-5745-4f30-84ff-e9a9f4840cde,partners_with (2023),YC_Relationship_Generator,Plaid,teespring,Teespring,2
a9a000bc-3c79-45f3-b833-8a5ecbc37ff7,#64748b,"Plaid, Stripe",0.7478399291526288,2023-11-18,competes_with,,Fintech competes with Fintech,c3ce2e9e-5658-40e1-ac66-e7d6d3b9547d,competes_with (2023),YC_Relationship_Generator,Plaid,stripe,Stripe,2
1e3a1117-6f93-4907-b46b-d4bd035e01c3,#64748b,"Plaid, Gumroad",0.7277173691822083,2024-01-26,supplies_to,,Fintech supplies to E-commerce,28cdc6d2-29ec-4a3e-83cd-d3a8ed85c942,supplies_to (2024),YC_Relationship_Generator,Plaid,gumroad,Gumroad,2
20fc37e6-c523-4208-ba5e-64e3431c8c73,#64748b,"Plaid, GitLab",0.8262234183677393,2023-11-02,integrates_with,,Fintech integrates with DevTools,956e64bb-cfed-48e3-baf5-369b1f7c5420,integrates_with (2023),YC_Relationship_Generator,Plaid,gitlab,GitLab,2
18571017-46f5-4fd2-b14f-9b723bfd9080,#64748b,"Brex, Retool",0.8614252894545764,2023-09-19,integrates_with,,Fintech integrates with DevTools,41c6a0da-c4ae-42d4-9ff1-030ff6d518a2,integrates_with (2023),YC_Relationship_Generator,Brex,retool,Retool,2
2194fcfb-b019-4a9a-aa38-409b0bcea0a5,#64748b,"Brex, Amplitude",0.7125015902009137,2025-02-11,integrates_with,,Fintech integrates with Analytics,d39e4ca4-6bf5-4b22-930f-2493b0b408f6,integrates_with (2025),YC_Relationship_Generator,Brex,amplitude,Amplitude,2
7d9b1c7c-5771-4e15-86be-c41433950e36,#64748b,"Stripe, Airtable",0.797073639993789,2025-06-23,integrates_with,,Fintech integrates with Database,9f49700c-dac6-499e-bb11-0d177c066b1e,integrates_with (2025),YC_Relationship_Generator,Stripe,airtable,Airtable,2
a077531a-0535-4df0-ad2f-3619bd91998a,#64748b,"Plaid, Airtable",0.8832409613925092,2025-06-06,integrates_with,,Fintech integrates with Database,e56f5b7c-98c5-4f14-92dd-0de72afd6380,integrates_with (2025),YC_Relationship_Generator,Plaid,airtable,Airtable,2
5c7590c8-0067-4119-9a88-77659fd44448,#64748b,"Anthropic, GitLab",0.7925450042145166,2023-10-26,partners_with,,AI partners with DevTools,58518dc1-3d6b-4f0e-b925-e5339b690e55,partners_with (2023),YC_Relationship_Generator,Anthropic,gitlab,GitLab,2
b733f8f9-db7a-4346-805f-07d25e39bf4c,#64748b,"Scale AI, GitLab",0.8427943523844496,2024-09-18,partners_with,,AI partners with DevTools,99b50525-9f75-45d1-adf7-48e354e746de,partners_with (2024),YC_Relationship_Generator,Scale AI,gitlab,GitLab,2
7c275d75-20ec-4fb3-9d79-6e5d16312093,#64748b,"OpenAI, Segment",0.7913659104616159,2024-09-24,partners_with,,AI partners with Analytics,65647621-a77d-4f3a-9a10-e23cdc29535b,partners_with (2024),YC_Relationship_Generator,OpenAI,segment,Segment,2
188a0e2c-d9bf-4243-8f17-b778c1ef56d4,#64748b,"Anthropic, Amplitude",0.8962678663494799,2024-09-14,partners_with,,AI partners with Analytics,31094e65-23cc-40c8-bbdb-d8b73ddd998e,partners_with (2024),YC_Relationship_Generator,Anthropic,amplitude,Amplitude,2
931f350f-7302-48cf-bb57-050d4fc04a17,#64748b,"Anthropic, Segment",0.764942465285494,2024-09-28,partners_with,,AI partners with Analytics,4379502a-fa2a-4fd6-bac3-a6ba81cd541b,partners_with (2024),YC_Relationship_Generator,Anthropic,segment,Segment,2
1e63b406-8457-43f2-b3a5-0c0815604edc,#64748b,"Scale AI, Segment",0.7604953968030204,2023-09-16,partners_with,,AI partners with Analytics,f972c644-4ab5-4f79-813e-e31597eeb2bb,partners_with (2023),YC_Relationship_Generator,Scale AI,segment,Segment,2
d9eb23cc-5b14-4882-a9ad-fb4e11a58d89,#64748b,"OpenAI, Supabase",0.9116931538326373,2025-04-24,partners_with,,AI partners with Database,76a73071-40c6-48e5-9c7f-559528057522,partners_with (2025),YC_Relationship_Generator,OpenAI,supabase,Supabase,2
15ba0a9b-c4ee-41f8-830e-a1e47b03d6e5,#64748b,"Anthropic, Airtable",0.8940092015093343,2025-06-22,partners_with,,AI partners with Database,e3f79c71-ebf6-4825-91b5-dfc40cb62c9c,partners_with (2025),YC_Relationship_Generator,Anthropic,airtable,Airtable,2
d66a131a-4d3d-43a0-b8a6-04645e2849a8,#64748b,"Scale AI, Airtable",0.7038244002746097,2025-01-22,partners_with,,AI partners with Database,ad054778-9703-4869-a2be-428fd2020d3d,partners_with (2025),YC_Relationship_Generator,Scale AI,airtable,Airtable,2
e135b31b-b151-4c08-98e8-0396a7886c13,#64748b,"OpenAI, Anthropic",0.8833198437805563,2025-04-12,competes_with,,AI competes with AI,cbb872bd-1154-4b48-ad98-6b845d04d0a9,competes_with (2025),YC_Relationship_Generator,OpenAI,anthropic,Anthropic,2
085e2309-efa7-4820-910f-01e7824e0b95,#64748b,"Anthropic, OpenAI",0.8153840550035645,2024-12-28,competes_with,,AI competes with AI,aa66c27b-5200-4d04-bc45-64078a3e52ca,competes_with (2024),YC_Relationship_Generator,Anthropic,openai,OpenAI,2
dd8fd009-bca7-4457-af5b-2477bd76e357,#64748b,"Scale AI, OpenAI",0.9219435538097519,2025-04-24,competes_with,,AI competes with AI,2341003a-6097-4782-9a4c-bedff9d2abf2,competes_with (2025),YC_Relationship_Generator,Scale AI,openai,OpenAI,2
b18fbc1a-00de-44e0-af31-54d789a6827c,#64748b,"Scale AI, Teespring",0.9314557177278421,2024-11-24,supplies_to,,AI supplies to E-commerce,f26902cf-ed08-48bd-9070-42ba6d91c4ae,supplies_to (2024),YC_Relationship_Generator,Scale AI,teespring,Teespring,2
91460ced-13e4-4faa-9bf6-63a225c44d60,#64748b,"OpenAI, Clipboard Health",0.9427607257750321,2025-07-06,supplies_to,,AI supplies to Healthcare,ad993f4f-a8ef-46a8-b2e8-14c3b0c528f0,supplies_to (2025),YC_Relationship_Generator,OpenAI,clipboard_health,Clipboard Health,2
a474bd90-13bb-46f6-a027-a264847fa770,#64748b,"OpenAI, 23andMe",0.8256055121651275,2025-02-18,supplies_to,,AI supplies to Healthcare,eb442f16-e273-4416-a3a2-e0c2b1b2c9db,supplies_to (2025),YC_Relationship_Generator,OpenAI,23andme,23andMe,2
b4018ea4-8c85-48ae-aac5-85d550aa7575,#64748b,"OpenAI, Stripe",0.9245988604438209,2024-02-02,supplies_to,,AI supplies to Fintech,bdc57c64-236b-4108-9eea-9554b8b717ee,supplies_to (2024),YC_Relationship_Generator,OpenAI,stripe,Stripe,2
a09b0e0d-21a4-4817-94ea-2987fee5ed4c,#64748b,"OpenAI, Plaid",0.7376754938801009,2025-06-13,supplies_to,,AI supplies to Fintech,ed60594e-2643-4947-bec0-da2752023481,supplies_to (2025),YC_Relationship_Generator,OpenAI,plaid,Plaid,2
73a27583-0c2b-4d07-8ba0-1676639c5815,#64748b,"Anthropic, Plaid",0.8425767840723456,2024-02-09,supplies_to,,AI supplies to Fintech,2c36516e-3e25-40b7-8b17-86cea2a8e0b7,supplies_to (2024),YC_Relationship_Generator,Anthropic,plaid,Plaid,2
11809885-0672-431b-acb8-5534055bf096,#64748b,"Scale AI, Stripe",0.9172921283706817,2024-11-17,supplies_to,,AI supplies to Fintech,69be9f6e-8163-4239-87da-c63be9d0fc1b,supplies_to (2024),YC_Relationship_Generator,Scale AI,stripe,Stripe,2
787427ff-ee70-48c7-bf5a-2f975152dea9,#64748b,"Anthropic, GitLab",0.8422951806262136,2024-04-03,integrates_with,,AI integrates with DevTools,49db93d8-0fa2-4149-8b72-30df84ed3c2c,integrates_with (2024),YC_Relationship_Generator,Anthropic,gitlab,GitLab,2
eebed13f-d36d-4085-8d7a-2978652d4856,#64748b,"Scale AI, GitLab",0.925819100493074,2023-10-28,integrates_with,,AI integrates with DevTools,9f60ac6f-f18f-409e-945b-cbf22a17d696,integrates_with (2023),YC_Relationship_Generator,Scale AI,gitlab,GitLab,2
0e1669d6-15d4-4d37-a423-bfe086f9799c,#64748b,"Anthropic, Airtable",0.9299228386941489,2024-02-01,integrates_with,,AI integrates with Database,64b18463-04db-4238-aa9f-abf267899a7b,integrates_with (2024),YC_Relationship_Generator,Anthropic,airtable,Airtable,2
8bed43b3-3d1c-4b0c-8c86-740d17389832,#64748b,"Scale AI, Airtable",0.8478320885564548,2025-05-13,integrates_with,,AI integrates with Database,87d916f9-00b3-4893-abc2-b4f70baa38e1,integrates_with (2025),YC_Relationship_Generator,Scale AI,airtable,Airtable,2
40271453-fad2-44c7-908c-fe2e996d58b6,#64748b,"Scale AI, Supabase",0.7326887552574435,2024-07-01,integrates_with,,AI integrates with Database,8bbc2a67-6971-49c6-ace1-eb35cfe1a74d,integrates_with (2024),YC_Relationship_Generator,Scale AI,supabase,Supabase,2
28ba685d-9199-4fd4-ae70-3c4e51ceac40,#64748b,"OpenAI, Amplitude",0.7110383051741607,2023-12-27,integrates_with,,AI integrates with Analytics,356fd1fa-cf83-4b96-97b1-2c8f4821c686,integrates_with (2023),YC_Relationship_Generator,OpenAI,amplitude,Amplitude,2
da095d2a-fb6a-4a05-b8c2-4dda14e7edd2,#64748b,"Anthropic, Segment",0.7819389925180861,2025-04-24,integrates_with,,AI integrates with Analytics,f650ceff-8309-4072-a3dd-6aa976eaf028,integrates_with (2025),YC_Relationship_Generator,Anthropic,segment,Segment,2
3e9609f1-9bd0-4e45-ab55-8d6dc7f8776b,#64748b,"GitLab, Airtable",0.893094976904966,2024-09-16,partners_with,,DevTools partners with Database,c444953f-8509-470e-831c-9c5afe41860c,partners_with (2024),YC_Relationship_Generator,GitLab,airtable,Airtable,2
97730979-e3c9-4652-b88d-38632298f436,#64748b,"GitLab, Supabase",0.7001179174476371,2024-03-07,partners_with,,DevTools partners with Database,dfe4334d-4c7c-45fe-8e25-489a97be2d1e,partners_with (2024),YC_Relationship_Generator,GitLab,supabase,Supabase,2
38cbf8c6-68d7-42a3-af05-439e44a0da22,#64748b,"Retool, Supabase",0.8788857485826796,2025-07-01,partners_with,,DevTools partners with Database,03e5e859-9e2a-458c-bbd2-bb41101c052f,partners_with (2025),YC_Relationship_Generator,Retool,supabase,Supabase,2
439eb397-ffdf-430b-b6e3-3c74401765ce,#64748b,"Retool, Segment",0.7370583384636744,2025-06-17,partners_with,,DevTools partners with Analytics,6e1d246d-ac52-4b21-bdcc-6b076c0c8a85,partners_with (2025),YC_Relationship_Generator,Retool,segment,Segment,2
184554aa-294b-48d1-9a19-2b04c5939a30,#64748b,"Retool, Gumroad",0.7033367778926398,2025-04-08,supplies_to,,DevTools supplies to E-commerce,6765f215-8e14-4307-96aa-89ed228f7d80,supplies_to (2025),YC_Relationship_Generator,Retool,gumroad,Gumroad,2
afb74be7-e6e3-4875-a137-283fcb81cef9,#64748b,"Retool, Teespring",0.8098274862643664,2025-07-03,supplies_to,,DevTools supplies to E-commerce,6a78bf0c-b673-447a-8aee-b6ea27b50b11,supplies_to (2025),YC_Relationship_Generator,Retool,teespring,Teespring,2
53bde9ac-7433-4c25-a591-5f5bfc15cd38,#64748b,"GitLab, Plaid",0.7488860341983706,2024-12-25,supplies_to,,DevTools supplies to Fintech,d77202fe-1355-477c-89ca-567947bf1426,supplies_to (2024),YC_Relationship_Generator,GitLab,plaid,Plaid,2
7a3e2ebe-1e7f-4bb3-9ff8-fd4596f1f438,#64748b,"GitLab, Airtable",0.8166224641388269,2023-09-24,integrates_with,,DevTools integrates with Database,0fdbccee-220f-45f7-be5f-8fd15e54832c,integrates_with (2023),YC_Relationship_Generator,GitLab,airtable,Airtable,2
56cc3e72-07df-4aa1-8f09-931645a4c957,#64748b,"Retool, Airtable",0.8332012185873086,2025-06-27,integrates_with,,DevTools integrates with Database,bc471ffb-8636-4cd9-938c-ba79645d1e6d,integrates_with (2025),YC_Relationship_Generator,Retool,airtable,Airtable,2
0ebc10ff-36b6-44e8-bd29-d7f74b85867e,#64748b,"GitLab, Amplitude",0.8070802539828394,2025-03-07,integrates_with,,DevTools integrates with Analytics,7572afeb-9cce-4042-9218-5d0dda703315,integrates_with (2025),YC_Relationship_Generator,GitLab,amplitude,Amplitude,2
958b4519-7df9-4873-b23c-72d2e61131d6,#64748b,"GitLab, Segment",0.9326241711237211,2024-08-25,integrates_with,,DevTools integrates with Analytics,b43120a6-6405-4dad-9307-9ca374ea42c8,integrates_with (2024),YC_Relationship_Generator,GitLab,segment,Segment,2
11a6ff11-189b-41fb-ae31-86cea1bdae33,#64748b,"GitLab, Temporal",0.9348416564329927,2025-03-28,integrates_with,,DevTools integrates with Infrastructure,263c2b1b-8cd3-4891-9b66-2d2ce48f100d,integrates_with (2025),YC_Relationship_Generator,GitLab,temporal,Temporal,2
e0a107e0-b258-447c-9c2d-97cbe2b8cef0,#64748b,"Clipboard Health, Amplitude",0.850603266836933,2024-12-16,partners_with,,Healthcare partners with Analytics,2580045b-a903-4e04-a275-85da630c98cf,partners_with (2024),YC_Relationship_Generator,Clipboard Health,amplitude,Amplitude,2
0f57e9b1-88b9-46b1-b8d5-030eceeccc81,#64748b,"Modern Fertility, Amplitude",0.8118323896299624,2025-03-25,partners_with,,Healthcare partners with Analytics,87a7bd05-0d44-470f-9fa7-6bb4a83f5abc,partners_with (2025),YC_Relationship_Generator,Modern Fertility,amplitude,Amplitude,2
f248fee9-8724-4889-8c3d-3bdf22d44a83,#64748b,"Modern Fertility, Stripe",0.8213432413385138,2023-11-09,partners_with,,Healthcare partners with Fintech,caf26c6c-434f-47c5-a211-1964efd2c7ff,partners_with (2023),YC_Relationship_Generator,Modern Fertility,stripe,Stripe,2
448fcb6c-db5e-441b-b012-d63c951017f7,#64748b,"Clipboard Health, Anthropic",0.7119755358162259,2024-12-20,uses,,Healthcare uses AI,041461a8-8d24-40df-a605-8cfecf5b871c,uses (2024),YC_Relationship_Generator,Clipboard Health,anthropic,Anthropic,2
c4d02a42-f74b-4518-9efe-96b41ebb5a59,#64748b,"23andMe, Anthropic",0.8149949166222012,2025-04-14,uses,,Healthcare uses AI,75229654-0e82-4ef7-a016-5b508ea452ff,uses (2025),YC_Relationship_Generator,23andMe,anthropic,Anthropic,2
d3e30a32-3b69-47b7-b1b0-3c86038bdfe2,#64748b,"Modern Fertility, OpenAI",0.8765902139314089,2024-11-25,uses,,Healthcare uses AI,0d5a0390-3941-47af-8f61-07671b9e2833,uses (2024),YC_Relationship_Generator,Modern Fertility,openai,OpenAI,2
c5820f3e-ee63-4e2c-be1d-67999122a81b,#64748b,"Modern Fertility, GitLab",0.8996190257528068,2024-03-31,uses,,Healthcare uses DevTools,c8d879d7-34f5-4eb3-94cf-2e5eb86e9d32,uses (2024),YC_Relationship_Generator,Modern Fertility,gitlab,GitLab,2
aeaaf26a-f430-41e2-b560-4a821ec2be58,#64748b,"Modern Fertility, Retool",0.8995671490414273,2025-02-16,uses,,Healthcare uses DevTools,5818e13b-3dab-49c2-bf72-255c3fab7a9c,uses (2025),YC_Relationship_Generator,Modern Fertility,retool,Retool,2
27871823-86e0-4da5-8236-c7e75aed0f31,#64748b,"Clipboard Health, Segment",0.8571043181245197,2024-06-11,uses,,Healthcare uses Analytics,788bf8b5-39fc-49e8-9de9-b71e20b4a994,uses (2024),YC_Relationship_Generator,Clipboard Health,segment,Segment,2
9ae5ab28-6c3f-457e-b9f4-413601e9e9a7,#64748b,"23andMe, Amplitude",0.7645615980434809,2024-10-01,uses,,Healthcare uses Analytics,dd985798-953e-413d-8c93-ef1978bc56ef,uses (2024),YC_Relationship_Generator,23andMe,amplitude,Amplitude,2
cdc66104-5485-42da-be06-61f0ef2855a7,#64748b,"23andMe, Segment",0.8763614824003308,2024-01-24,uses,,Healthcare uses Analytics,52beec7c-662a-471d-82f6-e3fa42e4d805,uses (2024),YC_Relationship_Generator,23andMe,segment,Segment,2
a788ccbb-0151-4987-a9eb-61a2ba23c6b2,#64748b,"23andMe, OpenAI",0.921308826150993,2024-09-07,integrates_with,,Healthcare integrates with AI,ef887255-5679-491a-983b-b7aa8667bbe4,integrates_with (2024),YC_Relationship_Generator,23andMe,openai,OpenAI,2
639b32f7-e430-4f00-bd87-1c7688ea6a0e,#64748b,"Modern Fertility, OpenAI",0.913373762765111,2024-03-17,integrates_with,,Healthcare integrates with AI,5b1c92e8-aae1-4f21-9a78-435547d6c9b3,integrates_with (2024),YC_Relationship_Generator,Modern Fertility,openai,OpenAI,2
adea3f3b-6cff-4d74-8263-0c496191ec79,#64748b,"Modern Fertility, Amplitude",0.7446278688124154,2023-10-08,integrates_with,,Healthcare integrates with Analytics,e8f13451-fedd-460d-9b05-113598b556a3,integrates_with (2023),YC_Relationship_Generator,Modern Fertility,amplitude,Amplitude,2
42ff59cf-174e-4051-9eac-3f6aaca402a8,#64748b,"Teespring, Plaid",0.763917115912357,2024-06-27,partners_with,,E-commerce partners with Fintech,f66ac4e7-fd10-4859-980e-010c1ae83f1f,partners_with (2024),YC_Relationship_Generator,Teespring,plaid,Plaid,2
f691abf3-ba1b-4429-9ecc-75b9f1db6cf5,#64748b,"Gumroad, Plaid",0.9211990743770706,2024-07-04,partners_with,,E-commerce partners with Fintech,2f5dc89e-8a1b-481d-8f0c-b61208794958,partners_with (2024),YC_Relationship_Generator,Gumroad,plaid,Plaid,2
41493a76-d9ef-4f6c-acce-a7a67ff46629,#64748b,"Teespring, Flexport",0.710878271888141,2025-05-07,partners_with,,E-commerce partners with Logistics,3d3100bb-29ea-4a0b-bec6-679b743f9b60,partners_with (2025),YC_Relationship_Generator,Teespring,flexport,Flexport,2
658e6044-8fd2-42a2-bf7a-5939f8b78b3a,#64748b,"Teespring, GitLab",0.9333472266373747,2024-05-01,uses,,E-commerce uses DevTools,bc47e931-c107-4c05-a564-1ea1916508fa,uses (2024),YC_Relationship_Generator,Teespring,gitlab,GitLab,2
64852bc9-1683-495c-a4b3-f29a7be47e98,#64748b,"Gumroad, Retool",0.7993344873524354,2023-12-21,uses,,E-commerce uses DevTools,dc84cb7f-8a18-46db-81f6-146260a3f58c,uses (2023),YC_Relationship_Generator,Gumroad,retool,Retool,2
2ee809ff-fb61-45cd-9ca6-a6ff501523a1,#64748b,"Teespring, Amplitude",0.7707751593842436,2024-05-06,uses,,E-commerce uses Analytics,449b8f08-95ce-426f-820a-32a6506ca3e0,uses (2024),YC_Relationship_Generator,Teespring,amplitude,Amplitude,2
90f61e2c-e340-4e9c-99c5-8c904f39afbb,#64748b,"Teespring, Stripe",0.7448252214816622,2024-06-08,integrates_with,,E-commerce integrates with Fintech,1138f420-5d8c-4d75-9cfb-1605718d6f76,integrates_with (2024),YC_Relationship_Generator,Teespring,stripe,Stripe,2
c3a35223-8380-42ec-9e39-e48a30f136df,#64748b,"Teespring, Segment",0.8006901884577734,2025-05-07,integrates_with,,E-commerce integrates with Analytics,ab879b95-0a30-4225-8f94-77130fa20112,integrates_with (2025),YC_Relationship_Generator,Teespring,segment,Segment,2
b23707f6-94f9-4ec5-98e6-d3d02d075190,#3b82f6,"Stripe, Weights & Biases",0.9358184547228852,2024-06-07,investment,33000000,Strategic investment in emerging technology,9935e63a-2b2f-4848-ac24-66b917c07347,investment (2024),YC_Relationship_Generator,Stripe,weights_&_biases,Weights & Biases,1
d2f91b65-4912-439c-8498-8ad0be3cb948,#3b82f6,"Stripe, Pilot",0.9408187015334835,2025-06-23,investment,351000000,Strategic investment in emerging technology,cdad6562-3727-4e03-8452-25fdb2eb9091,investment (2025),YC_Relationship_Generator,Stripe,pilot,Pilot,1.053
27ea0b5e-c8a3-4d1c-842e-acbf195b68d5,#3b82f6,"OpenAI, Render",0.9022838794128095,2024-05-19,investment,439000000,Strategic investment in emerging technology,2bb198ff-9c0a-4e3f-b350-cb91273b7e96,investment (2024),YC_Relationship_Generator,OpenAI,render,Render,1.317
d62dfea5-d217-43dd-a566-d6db5984779a,#3b82f6,"OpenAI, Hightouch",0.8004679320687295,2024-05-23,investment,190000000,Strategic investment in emerging technology,d9529c98-35b9-42ce-bc06-322aa85b4476,investment (2024),YC_Relationship_Generator,OpenAI,hightouch,Hightouch,1
5d591f15-6e04-45b8-9023-af1a67b9d1c4,#3b82f6,"Airbnb, Sourcegraph",0.7857013070002747,2024-02-24,investment,278000000,Strategic investment in emerging technology,0cc1cb41-93ee-4b66-86da-8766de6737fd,investment (2024),YC_Relationship_Generator,Airbnb,sourcegraph,Sourcegraph,1
c37424c2-d154-4ae8-bc99-e346c25dd609,#3b82f6,"DoorDash, Pilot",0.7074958605885787,2025-03-08,investment,205000000,Strategic investment in emerging technology,ba2f209d-da84-4323-aa08-8343be268e2a,investment (2025),YC_Relationship_Generator,DoorDash,pilot,Pilot,1
12c11197-522c-4191-a67d-80ab22d5d7ad,#3b82f6,"Canva, Observable",0.7035426073915417,2025-06-28,investment,329000000,Strategic investment in emerging technology,03143d40-12cb-4a61-9877-4821613003c5,investment (2025),YC_Relationship_Generator,Canva,observable,Observable,1
e366d78a-7812-4e7f-880e-ed5e2d722d94,#3b82f6,"Canva, Mercury",0.8524371792407548,2024-08-17,investment,310000000,Strategic investment in emerging technology,55a1d1ac-e0b6-4c94-ba01-e3a81152d051,investment (2024),YC_Relationship_Generator,Canva,mercury,Mercury,1
199d58c7-a7ad-4704-8bc7-df7a715a8c00,#3b82f6,"Canva, Hasura",0.8396692835449853,2025-06-16,investment,369000000,Strategic investment in emerging technology,5af1a690-e918-49e8-9a1b-53fe1ac84217,investment (2025),YC_Relationship_Generator,Canva,hasura,Hasura,1.107
623d3113-37af-4098-9046-a32a1c48e22d,#ef4444,"Cruise, Supabase",0.7115762886681646,2024-11-19,acquisition,1018000000,Strategic acquisition to expand market presence,0a511527-7fcd-4e2e-ab95-13abb0bbf1da,acquisition (2024),YC_Relationship_Generator,Cruise,supabase,Supabase,3.0540000000000003
cd973dea-717e-400e-a801-482c1f2c2455,#ef4444,"Figma, PostHog",0.8021582654813482,2023-09-20,acquisition,1487000000,Strategic acquisition to expand market presence,74d2c554-7558-4386-9da2-823785cda0ce,acquisition (2023),YC_Relationship_Generator,Figma,posthog,PostHog,4.461
eaed9470-676d-4b8f-a034-b663f10e7b7b,#3b82f6,"Miro, Fly.io",0.7286037588063883,2024-03-19,investment,178000000,Strategic investment in emerging technology,ca69ae8f-2513-4e0c-aa02-00aa243aebbb,investment (2024),YC_Relationship_Generator,Miro,fly.io,Fly.io,1
2ddef375-3850-4a8e-90f0-1df90d38afbb,#3b82f6,"Miro, Substack",0.9307902336840065,2025-05-24,investment,212000000,Strategic investment in emerging technology,228bb461-c8d5-495e-b6a6-8b77d2e82911,investment (2025),YC_Relationship_Generator,Miro,substack,Substack,1
dac88bfe-df49-4949-a7f8-f1e30fba0717,#3b82f6,"GitLab, Heroku",0.7236721475711609,2025-05-10,investment,15000000,Strategic investment in emerging technology,69edba15-531f-4867-8ff3-aeb074af669a,investment (2025),YC_Relationship_Generator,GitLab,heroku,Heroku,1
fdf5b267-7b18-4ed4-803d-32937262577b,#3b82f6,"Discord, Mixpanel",0.8374851905009462,2024-10-22,investment,492000000,Strategic investment in emerging technology,932e95f5-1474-4e3a-80c2-0775cd4547c8,investment (2024),YC_Relationship_Generator,Discord,mixpanel,Mixpanel,1.476
2153d14a-2edc-46b1-a9ca-ce9e07718e58,#3b82f6,"Discord, Sourcegraph",0.7211626838355277,2024-12-17,investment,75000000,Strategic investment in emerging technology,95a7241e-42aa-486b-813f-a4e00619586f,investment (2024),YC_Relationship_Generator,Discord,sourcegraph,Sourcegraph,1
e95f1637-2362-49fc-9cdb-e057e00080a7,#ef4444,"Anthropic, Rappi",0.8162901441642704,2024-11-24,acquisition,1029000000,Strategic acquisition to expand market presence,3536497d-f8bd-4ad9-9fff-7235aaf55760,acquisition (2024),YC_Relationship_Generator,Anthropic,rappi,Rappi,3.0869999999999997
ca35f05f-53bf-41ce-a5b0-06ffe3b0fdef,#3b82f6,"Plaid, Superhuman",0.8627982575604098,2024-07-21,investment,210000000,Strategic investment in emerging technology,9b22ac54-8978-4360-9143-35c893748d5d,investment (2024),YC_Relationship_Generator,Plaid,superhuman,Superhuman,1
f41cb354-96f4-45ed-8048-c86417408f59,#3b82f6,"Plaid, Hasura",0.9321583575114146,2025-04-27,investment,247000000,Strategic investment in emerging technology,7f98f0f9-e734-49fd-8511-9e0a69a26bce,investment (2025),YC_Relationship_Generator,Plaid,hasura,Hasura,1
8129f380-63be-4377-8012-66b82eafc508,#3b82f6,"Faire, Buildkite",0.7454750549992593,2024-01-03,investment,423000000,Strategic investment in emerging technology,4eaee560-a7ff-44bd-8b28-af63e7fdd6f5,investment (2024),YC_Relationship_Generator,Faire,buildkite,Buildkite,1.269
609863f3-4014-4b67-a2e5-c56e5ff9a594,#ef4444,"Brex, Rappi",0.7454498868879289,2024-06-01,acquisition,117000000,Strategic acquisition to expand market presence,bb7b3cfb-e8f0-47df-a3fa-c4b3237276a5,acquisition (2024),YC_Relationship_Generator,Brex,rappi,Rappi,1
fe6f6da3-99ac-4699-85e9-255a5fa12d2b,#3b82f6,"Brex, Shipt",0.8646011027991019,2024-01-02,investment,69000000,Strategic investment in emerging technology,be6897ac-c8d1-4951-8965-9751a9248ccd,investment (2024),YC_Relationship_Generator,Brex,shipt,Shipt,1
4ec71f1e-7057-4856-b99e-0523cac5caae,#ef4444,"Deel, Clipboard Health",0.7563363579204202,2024-03-21,acquisition,482000000,Strategic acquisition to expand market presence,15586dc9-fe9d-4340-a6a7-ba1dbe9eded3,acquisition (2024),YC_Relationship_Generator,Deel,clipboard_health,Clipboard Health,1.446
662e91b4-24df-4a85-8fef-538410144952,#3b82f6,"Deel, Sourcegraph",0.7012472454592167,2024-07-12,investment,469000000,Strategic investment in emerging technology,e10fba1b-54f7-4577-8d9d-12febfe14edc,investment (2024),YC_Relationship_Generator,Deel,sourcegraph,Sourcegraph,1.407
d331258c-3277-490a-8d7e-3ba307e68961,#ef4444,"Rippling, Heroku",0.9456009943009671,2025-01-21,acquisition,513000000,Strategic acquisition to expand market presence,570618fe-8902-43b8-b6bd-6fd9c6331f4b,acquisition (2025),YC_Relationship_Generator,Rippling,heroku,Heroku,1.5390000000000001
8e8f78b1-a1cd-4e6f-a116-f2c3615155a0,#3b82f6,"Rippling, Docker",0.9105741880807123,2024-11-06,investment,168000000,Strategic investment in emerging technology,7f79cf22-916c-4f74-b1cb-3d4ffb6a0b37,investment (2024),YC_Relationship_Generator,Rippling,docker,Docker,1
1cb3295a-3cc0-4310-a62b-480b22f3f286,#3b82f6,"Airtable, Weights & Biases",0.916867380896363,2024-10-03,investment,409000000,Strategic investment in emerging technology,1487530e-7f2b-4dd5-8374-4be681511db9,investment (2024),YC_Relationship_Generator,Airtable,weights_&_biases,Weights & Biases,1.2269999999999999
463ed238-7d0c-400d-939a-891fcd1b827e,#64748b,"Stripe, Plaid",0.8244131900720346,2024-03-18,competition,,Direct competition in Fintech market,71259264-8801-4f40-9ffb-cb9f41d6ad5e,competition (2024),YC_Relationship_Generator,Stripe,plaid,Plaid,2
78d58b4b-84b9-4186-9d02-23422c35833e,#64748b,"Plaid, Brex",0.8078188652625813,2024-03-21,competition,,Direct competition in Fintech market,5611bc57-9e86-400a-aa97-047e44922571,competition (2024),YC_Relationship_Generator,Plaid,brex,Brex,2
8d4243fa-6759-437a-b1ea-3ec01782e2cb,#64748b,"Brex, Stripe",0.7607683487098471,2025-04-23,competition,,Direct competition in Fintech market,a61cc2e2-947a-4bb7-9926-8c792a6da01b,competition (2025),YC_Relationship_Generator,Brex,stripe,Stripe,2
1c099211-1fa8-44ef-9e1e-014285e79fba,#64748b,"Brex, Razorpay",0.8353881780855436,2025-05-11,competition,,Direct competition in Fintech market,5f42af40-77b9-4a5d-8914-3b8f16dd01bc,competition (2025),YC_Relationship_Generator,Brex,razorpay,Razorpay,2
286a5740-738e-41f4-aad4-70aa5b5eb5a9,#64748b,"Ramp, Razorpay",0.773967410832781,2024-01-16,competition,,Direct competition in Fintech market,322bc431-fe73-4ebb-99b0-822fecc5f267,competition (2024),YC_Relationship_Generator,Ramp,razorpay,Razorpay,2
7beaa0d5-2cff-41e0-94f0-5bfd90168dce,#64748b,"Razorpay, Mercury",0.8699335188289756,2025-04-04,competition,,Direct competition in Fintech market,b1386ff5-e8dc-4185-be4e-c198ebfa1ffe,competition (2025),YC_Relationship_Generator,Razorpay,mercury,Mercury,2
d7efb8b6-6720-495e-8811-d2a5343e3c83,#64748b,"OpenAI, Anthropic",0.806199338565333,2023-11-05,competition,,Direct competition in AI market,6d69b3ab-f622-4ce8-8124-2b1d3bc3f59b,competition (2023),YC_Relationship_Generator,OpenAI,anthropic,Anthropic,2
6873fa50-9e88-485a-abcf-f9b64c25cd25,#64748b,"OpenAI, Scale AI",0.9203341097373026,2025-01-16,competition,,Direct competition in AI market,269b9180-13e6-4dcc-96b7-d92ec5503d86,competition (2025),YC_Relationship_Generator,OpenAI,scale_ai,Scale AI,2
0fe4aaa6-e094-445d-a24c-91e996927eaf,#64748b,"Anthropic, Scale AI",0.7761621057677723,2024-08-24,competition,,Direct competition in AI market,cc15f35a-0aae-4e1c-acc9-f5c9d529398a,competition (2024),YC_Relationship_Generator,Anthropic,scale_ai,Scale AI,2
2822fbfc-9bd8-4e80-9b45-3084816b0b62,#64748b,"Instacart, Shipt",0.7692605801482884,2023-10-10,competition,,Direct competition in Grocery market,5fe2706f-2c92-4159-b3c5-baa841571aa7,competition (2023),YC_Relationship_Generator,Instacart,shipt,Shipt,2
7244d698-497a-45a2-80a3-fa179f72ade8,#64748b,"GitLab, Retool",0.850086238536883,2025-05-29,competition,,Direct competition in DevTools market,12d8581a-c165-4197-9e79-7a08123eee32,competition (2025),YC_Relationship_Generator,GitLab,retool,Retool,2
e4f5bd2f-a73b-4cf0-89cc-17b4fb62efda,#64748b,"Retool, LaunchDarkly",0.9226352271426583,2024-08-09,competition,,Direct competition in DevTools market,b8e64850-50b2-43c4-8168-33ae19265e7e,competition (2024),YC_Relationship_Generator,Retool,launchdarkly,LaunchDarkly,2
a83af02e-ce59-4fa5-bdad-ddbbf07c3c8f,#64748b,"LaunchDarkly, Vercel",0.769518837922155,2024-03-04,competition,,Direct competition in DevTools market,00f367a2-808e-487f-8b21-e3b323a8b762,competition (2024),YC_Relationship_Generator,LaunchDarkly,vercel,Vercel,2
dd877f1b-4527-479d-a3b4-feacb0b4adf3,#64748b,"Sourcegraph, Retool",0.7149162916673798,2024-01-16,competition,,Direct competition in DevTools market,97bccee6-b075-4c60-abba-85ebac124631,competition (2024),YC_Relationship_Generator,Sourcegraph,retool,Retool,2
07ef59bc-dd88-42a7-962b-85e9859d1f9c,#64748b,"Sourcegraph, LaunchDarkly",0.9480279206425312,2025-05-06,competition,,Direct competition in DevTools market,cfc125f4-597c-4864-9c7b-a3b3153fbea6,competition (2025),YC_Relationship_Generator,Sourcegraph,launchdarkly,LaunchDarkly,2
5a6ef2a7-1217-4dea-95ac-0d4d67dcceb5,#64748b,"Sourcegraph, Vercel",0.8968043218578897,2025-01-27,competition,,Direct competition in DevTools market,2992564d-810d-44eb-b58d-b4260296c61c,competition (2025),YC_Relationship_Generator,Sourcegraph,vercel,Vercel,2
6ff56cca-b950-45e4-95b1-561651bdadfa,#64748b,"Sourcegraph, Docker",0.7812579363177213,2024-10-21,competition,,Direct competition in DevTools market,2ebd3010-f1aa-44a5-9d7a-3e72518506ff,competition (2024),YC_Relationship_Generator,Sourcegraph,docker,Docker,2
a75d0b6d-81cc-4f9b-bcd8-e0b53c557081,#64748b,"Docker, Vercel",0.745247251275064,2024-09-07,competition,,Direct competition in DevTools market,7693b1fe-4612-4731-8ec9-5aaff31a43f6,competition (2024),YC_Relationship_Generator,Docker,vercel,Vercel,2
cffcf6dc-e430-40af-aa1b-0fcdf9d6e246,#64748b,"Buildkite, Docker",0.7514181234498112,2024-04-29,competition,,Direct competition in DevTools market,02129aa0-f555-4fe6-9a54-f80ee945e5bc,competition (2024),YC_Relationship_Generator,Buildkite,docker,Docker,2
d030b5d9-1bc6-4b42-bd62-eb48bb9c7f37,#64748b,"Railway, Buildkite",0.7590491239197704,2024-07-21,competition,,Direct competition in DevTools market,1338f06b-eaee-4cbb-8ff3-e449e32537a1,competition (2024),YC_Relationship_Generator,Railway,buildkite,Buildkite,2
9ca07d84-c3b3-498e-98f7-75d64d6a6f6e,#64748b,"Rippling, Gusto",0.8484438519786262,2023-12-14,competition,,Direct competition in HR Tech market,182e568a-f04d-4866-a6e1-63c2a9b1d774,competition (2023),YC_Relationship_Generator,Rippling,gusto,Gusto,2
eebe94da-9675-402d-93e1-59696a6426fc,#64748b,"Checkr, Gusto",0.7793461099768435,2024-02-27,competition,,Direct competition in HR Tech market,c1bad216-c82e-4f47-a714-37a7755158e3,competition (2024),YC_Relationship_Generator,Checkr,gusto,Gusto,2
823ae2e6-cc14-4631-8388-c1cb50a3d000,#64748b,"Zenefits, Gusto",0.8547036587329571,2024-06-21,competition,,Direct competition in HR Tech market,68ba8fd1-399b-4249-a403-77566ff7a684,competition (2024),YC_Relationship_Generator,Zenefits,gusto,Gusto,2
e1b6fc26-aea3-4706-b9eb-26c604687de3,#64748b,"Zenefits, Lattice",0.937361914359008,2025-07-09,competition,,Direct competition in HR Tech market,f90bede7-a0a6-4574-b8a0-bb8fb9617896,competition (2025),YC_Relationship_Generator,Zenefits,lattice,Lattice,2
e73a06f4-47f3-44af-aa69-84716500cf33,#64748b,"Lattice, Checkr",0.7554728439303204,2024-02-25,competition,,Direct competition in HR Tech market,7056f69b-c109-456a-897b-4a96ce3c1554,competition (2024),YC_Relationship_Generator,Lattice,checkr,Checkr,2
49740abb-119d-4dfb-89c3-53eec3c6b0af,#64748b,"Airtable, Supabase",0.8836041199960177,2025-04-04,competition,,Direct competition in Database market,d575c0aa-0b40-407f-b47b-6ddd0ea260d8,competition (2025),YC_Relationship_Generator,Airtable,supabase,Supabase,2
2a11444c-4f8c-4568-8884-46143d4a4e37,#64748b,"Airtable, PlanetScale",0.9174451493726876,2025-06-23,competition,,Direct competition in Database market,d384930c-4a85-42d4-892c-44d5021cc1b5,competition (2025),YC_Relationship_Generator,Airtable,planetscale,PlanetScale,2
982b3087-194f-43bd-a2ec-12b037b1d181,#64748b,"Supabase, PlanetScale",0.899795192898081,2023-12-11,competition,,Direct competition in Database market,d94576b8-d8e5-42e3-82fe-b66ad122d4aa,competition (2023),YC_Relationship_Generator,Supabase,planetscale,PlanetScale,2
8a060c18-3bd8-4519-958c-47f6cc564ea6,#64748b,"Hasura, Supabase",0.7445226789005933,2024-09-09,competition,,Direct competition in Database market,8bcc6eb3-1e3e-4eae-896a-8e7ff43291f9,competition (2024),YC_Relationship_Generator,Hasura,supabase,Supabase,2
712d151f-de0a-48e0-ab97-3ce1c7c562b9,#64748b,"Hasura, PlanetScale",0.8302055953620912,2024-02-11,competition,,Direct competition in Database market,2297feb0-445d-4d0b-9c92-5063213ed4e9,competition (2024),YC_Relationship_Generator,Hasura,planetscale,PlanetScale,2
a79fb788-bea7-46c8-8af6-8350baca020e,#64748b,"Zymergen, Ginkgo Bioworks",0.7322427063809309,2025-04-13,competition,,Direct competition in Biotech market,17ab65d7-a13c-4900-80c7-b9694d29caad,competition (2025),YC_Relationship_Generator,Zymergen,ginkgo_bioworks,Ginkgo Bioworks,2
364f9955-6544-45cf-b289-5d21c3284e95,#64748b,"dbt Labs, Airbyte",0.8288594496006095,2024-07-02,competition,,Direct competition in Data market,353743a8-ef33-4d3d-8fce-7b5899a65b7e,competition (2024),YC_Relationship_Generator,dbt Labs,airbyte,Airbyte,2
118950c4-fc83-4dbb-8b50-fe074919e4b1,#64748b,"dbt Labs, Hightouch",0.8070550884786832,2023-11-27,competition,,Direct competition in Data market,61c069ac-3f3a-47e8-9650-f38d39127970,competition (2023),YC_Relationship_Generator,dbt Labs,hightouch,Hightouch,2
cffc4ff0-b365-4559-b193-80f8941ac746,#64748b,"Airbyte, Hightouch",0.8907767738813697,2025-06-23,competition,,Direct competition in Data market,f2276925-aba8-4120-a7fd-dfafe185cb80,competition (2025),YC_Relationship_Generator,Airbyte,hightouch,Hightouch,2
0111deb1-acb5-4c08-bdcb-bb7a925c880d,#64748b,"Airbyte, Hex",0.8224179804732226,2025-06-16,competition,,Direct competition in Data market,333e3e93-1edc-44b8-89b2-567978a43ecc,competition (2025),YC_Relationship_Generator,Airbyte,hex,Hex,2
0763c6b7-9d27-495f-a1c1-617d5eb7d8e3,#64748b,"Hightouch, Clearbit",0.829289799224516,2024-02-14,competition,,Direct competition in Data market,97b84009-96db-465c-9d4b-5620b662eee3,competition (2024),YC_Relationship_Generator,Hightouch,clearbit,Clearbit,2
5b1333cb-077f-4543-a862-88b7adbfd381,#64748b,"Hex, Hightouch",0.9281932510604376,2024-07-17,competition,,Direct competition in Data market,0d85d06e-4fbf-473c-8d9c-e7230f2a3324,competition (2024),YC_Relationship_Generator,Hex,hightouch,Hightouch,2
18da6c1d-a0e2-4950-b4ad-01f4211aa7c9,#64748b,"Hex, Clearbit",0.7133670573207842,2025-02-19,competition,,Direct competition in Data market,015f0d68-b191-4bb8-823a-8016b874ff3e,competition (2025),YC_Relationship_Generator,Hex,clearbit,Clearbit,2
19fc80ad-855c-4fb3-8a19-cca129c2e9ea,#64748b,"Clearbit, Census",0.9127073803729594,2025-02-19,competition,,Direct competition in Data market,2a3437b1-533e-4b61-a668-a60708fa92d7,competition (2025),YC_Relationship_Generator,Clearbit,census,Census,2
c22dbf04-385c-4803-960a-507d1004b499,#64748b,"Rudderstack, Clearbit",0.9167313525773987,2025-06-21,competition,,Direct competition in Data market,cb2c376c-cc4d-4d86-b4bc-db365fb7b284,competition (2025),YC_Relationship_Generator,Rudderstack,clearbit,Clearbit,2
a4f0a966-5e68-47b1-8cd8-e396c330de39,#64748b,"Postmates, Rappi",0.8881936434089162,2025-04-18,competition,,Direct competition in Delivery market,94dda16b-1972-47e7-b205-2ee932ec17c3,competition (2025),YC_Relationship_Generator,Postmates,rappi,Rappi,2
b4db1ff8-8b26-4b26-af1b-84beefdd80fb,#64748b,"Webflow, Weebly",0.7661329419920506,2024-12-16,competition,,Direct competition in Web Building market,cbcab0fc-e9c0-4d45-9041-80078b8b9c13,competition (2024),YC_Relationship_Generator,Webflow,weebly,Weebly,2
0aa3d7ff-a2c4-4618-98c7-9fc6a4a3b748,#64748b,"Mixpanel, PostHog",0.725306530536962,2024-01-21,competition,,Direct competition in Analytics market,61cea5c6-b87e-49f0-9b91-9e8e29557d65,competition (2024),YC_Relationship_Generator,Mixpanel,posthog,PostHog,2
732e000a-106e-4a5e-bd36-5bf1e31510f6,#64748b,"Optimizely, Segment",0.8500973614147025,2025-04-23,competition,,Direct competition in Analytics market,e7579cee-bc37-4fba-ab7d-28dc9f3a4d94,competition (2025),YC_Relationship_Generator,Optimizely,segment,Segment,2
f60c59c8-17d8-49c1-8c8d-ad12c9a67412,#64748b,"Optimizely, Mixpanel",0.7761692451811578,2024-07-03,competition,,Direct competition in Analytics market,379f8895-f089-4e57-81f1-7e973053c13d,competition (2024),YC_Relationship_Generator,Optimizely,mixpanel,Mixpanel,2
c2ee454a-f27c-4b11-ac19-ed3f1dec9f0a,#64748b,"PostHog, Optimizely",0.8353210397490052,2024-01-11,competition,,Direct competition in Analytics market,f6c2fd06-8f51-4dfa-b07c-5c5d5db42fe0,competition (2024),YC_Relationship_Generator,PostHog,optimizely,Optimizely,2
1ec032ea-42ae-4b72-b605-8def4edb4c20,#64748b,"PostHog, Metabase",0.8825336889840394,2024-11-09,competition,,Direct competition in Analytics market,e9fe4543-1cd7-42cd-96be-f7f9b56e56e5,competition (2024),YC_Relationship_Generator,PostHog,metabase,Metabase,2
9f5fb0fb-df10-4ad6-87c1-047ad87b2b1a,#64748b,"Metabase, Optimizely",0.8249355140641387,2024-05-04,competition,,Direct competition in Analytics market,06faea59-c112-4331-84b1-e8135622435b,competition (2024),YC_Relationship_Generator,Metabase,optimizely,Optimizely,2
48281465-dfa2-4f60-959d-199a773ac4c8,#64748b,"Cube, Preset",0.8658230627679089,2023-12-25,competition,,Direct competition in Analytics market,b5d3924b-c898-4b7d-81ef-03b0038d5e0a,competition (2023),YC_Relationship_Generator,Cube,preset,Preset,2
a9312849-97a5-4aab-89ae-d9d187ab780a,#64748b,"Cube, Observable",0.8869081033986795,2024-03-07,competition,,Direct competition in Analytics market,984359e3-7590-4f88-a747-303ab616b52b,competition (2024),YC_Relationship_Generator,Cube,observable,Observable,2
bb72d61a-8e23-4ec7-9895-744aa053655f,#64748b,"Clipboard Health, 23andMe",0.9129234809860933,2024-10-14,competition,,Direct competition in Healthcare market,0d8bdfbc-650c-49a9-9ba5-824fb08ea7f0,competition (2024),YC_Relationship_Generator,Clipboard Health,23andme,23andMe,2
3706f26f-f11e-4abb-bf9b-8505bccd04be,#64748b,"23andMe, Healthtap",0.8122406782083397,2023-10-17,competition,,Direct competition in Healthcare market,2960783b-5b38-41bc-a2bd-2809515d5721,competition (2023),YC_Relationship_Generator,23andMe,healthtap,Healthtap,2
1995ae3e-f3d4-4ca5-951b-19ef2eb04384,#64748b,"Modern Fertility, 23andMe",0.7115302881095149,2023-11-13,competition,,Direct competition in Healthcare market,75bdb0ea-cfc8-4c89-8c4e-499f6e40da7d,competition (2023),YC_Relationship_Generator,Modern Fertility,23andme,23andMe,2
a365ad9c-7ff3-47f8-8510-cfd6a95897a2,#64748b,"Modern Fertility, Healthtap",0.9213730935888329,2025-03-15,competition,,Direct competition in Healthcare market,caac87f6-d550-4a55-a856-fc78e3a37604,competition (2025),YC_Relationship_Generator,Modern Fertility,healthtap,Healthtap,2
d01e9673-effc-4b37-aad6-7dc26e388bc6,#64748b,"Render, Fly.io",0.8572413156747815,2025-02-28,competition,,Direct competition in Infrastructure market,ebc54fbe-fbd0-4413-aeb0-716674c9c945,competition (2025),YC_Relationship_Generator,Render,fly.io,Fly.io,2
78a7a8c2-eac8-40d8-bb60-1e54df32f4ff,#64748b,"Teespring, Gumroad",0.8405325440533707,2023-10-03,competition,,Direct competition in E-commerce market,ba3b2cb1-6bc6-44c0-8cb4-47e9cc9d7a12,competition (2023),YC_Relationship_Generator,Teespring,gumroad,Gumroad,2
5f04e47d-3f8b-48c1-846d-1ff9a23ddf1d,#64748b,"GitLab, PagerDuty",0.8998446607434365,2024-03-07,integration,,Platform integration and API partnership,2d6ba528-abf1-4c83-a44b-63e1c2d8a6fa,integration (2024),YC_Relationship_Generator,GitLab,pagerduty,PagerDuty,2
e777e879-8831-45ae-ab9f-f96efafaf9de,#64748b,"GitLab, Instacart",0.7520827245389794,2024-02-06,integration,,Platform integration and API partnership,5062bf0b-261d-44f3-8345-6a5b0822acdc,integration (2024),YC_Relationship_Generator,GitLab,instacart,Instacart,2
1623d8df-3717-4e57-a82c-976c42a5d7ab,#64748b,"GitLab, Algolia",0.8990486658279488,2024-07-07,integration,,Platform integration and API partnership,854d6e00-c4c9-4b3d-a732-78d2e9d6cd0d,integration (2024),YC_Relationship_Generator,GitLab,algolia,Algolia,2
5f1611cc-aacd-4c74-8033-89fdb41c0b20,#64748b,"GitLab, Reddit",0.8635710642658494,2025-07-21,integration,,Platform integration and API partnership,9f2995a9-efff-400c-a240-a9963ca8b50e,integration (2025),YC_Relationship_Generator,GitLab,reddit,Reddit,2
ae80e4d8-637c-4da8-bae1-fab50ea2d0ae,#64748b,"Airtable, Front",0.8076854461746201,2024-12-11,integration,,Platform integration and API partnership,15762716-d2c7-4a61-837f-3581dd67f67b,integration (2024),YC_Relationship_Generator,Airtable,front,Front,2
dbea9663-8639-40d5-a16a-b298edd5b181,#64748b,"Amplitude, Postmates",0.7546874075690787,2023-10-01,integration,,Platform integration and API partnership,2d3ed7bf-9054-49c4-89d8-cdbe34a10cf0,integration (2023),YC_Relationship_Generator,Amplitude,postmates,Postmates,2
420cae8b-d52d-4982-992a-7d4399877ec5,#64748b,"Amplitude, Lattice",0.7275575042927132,2024-06-07,integration,,Platform integration and API partnership,1ddcbb9c-bb67-4d37-8dd8-6479a56aea19,integration (2024),YC_Relationship_Generator,Amplitude,lattice,Lattice,2
c3e48526-f652-4752-86b9-0ef1c3e52a78,#64748b,"Amplitude, Flexport",0.7603158844078871,2024-05-28,integration,,Platform integration and API partnership,39979ad3-5d56-47e2-a06e-e77ddd7bd202,integration (2024),YC_Relationship_Generator,Amplitude,flexport,Flexport,2
bf286566-1be2-4310-a212-6f6a489256ab,#64748b,"Retool, Verkada",0.788246203981735,2024-03-01,integration,,Platform integration and API partnership,d6e816e9-7488-4012-988a-24d471a84ea4,integration (2024),YC_Relationship_Generator,Retool,verkada,Verkada,2
cf62ce8a-00fa-4699-9f37-fa90faf0839e,#64748b,"Retool, Modern Fertility",0.7175466423954769,2023-12-27,integration,,Platform integration and API partnership,07e70e87-f651-45ac-9688-2b022b6390a9,integration (2023),YC_Relationship_Generator,Retool,modern_fertility,Modern Fertility,2
05a5da06-ff92-4cec-a0a9-3a3106bb63fd,#64748b,"Retool, Substack",0.8417215263686367,2024-12-15,integration,,Platform integration and API partnership,899b7b3c-1972-4c60-baa7-132e12eec1f2,integration (2024),YC_Relationship_Generator,Retool,substack,Substack,2
15b83c8b-6227-4041-ac89-254a1c982d66,#64748b,"Retool, Miro",0.8830328330234178,2025-03-06,integration,,Platform integration and API partnership,ebf244b3-ecc5-42b7-8704-ce41ac1fdb78,integration (2025),YC_Relationship_Generator,Retool,miro,Miro,2
b9746fc3-0f7c-40f2-80d0-79149d0a33f2,#64748b,"Retool, Ramp",0.7893422460335691,2024-10-09,integration,,Platform integration and API partnership,06e54d80-56e2-46f1-91f1-8c3e1361d1f1,integration (2024),YC_Relationship_Generator,Retool,ramp,Ramp,2
313c4f99-560e-4ca4-a665-be10d3543b3c,#64748b,"Retool, Healthtap",0.8313965915247791,2024-06-12,integration,,Platform integration and API partnership,db5c9e8f-2016-42cd-8621-2e0196d9d3c3,integration (2024),YC_Relationship_Generator,Retool,healthtap,Healthtap,2
111f7754-1f5d-422e-abcc-9098df2f25be,#64748b,"Segment, dbt Labs",0.7397521467322464,2024-09-08,integration,,Platform integration and API partnership,de2bc295-14bb-4b68-8dd8-6f7b5e66611e,integration (2024),YC_Relationship_Generator,Segment,dbt_labs,dbt Labs,2
37e2fef8-bb92-40c2-b7d2-c725298a42cb,#64748b,"Segment, Dropbox",0.7916695432156374,2023-12-17,integration,,Platform integration and API partnership,922b4328-0b06-40d6-abe8-33938fa66f6b,integration (2023),YC_Relationship_Generator,Segment,dropbox,Dropbox,2
63cdb810-4502-4bee-bfe1-f9294cf36dbf,#64748b,"Segment, Instacart",0.8692283882140746,2025-03-14,integration,,Platform integration and API partnership,ad47df75-aac9-483e-a6d9-dc75eab46e29,integration (2025),YC_Relationship_Generator,Segment,instacart,Instacart,2
914ffa4a-3626-4465-ab81-5e9c5a8c71c1,#64748b,"LaunchDarkly, Luma",0.7065708488507807,2023-12-28,integration,,Platform integration and API partnership,65570deb-8ca2-4857-8811-534e72fbf05b,integration (2023),YC_Relationship_Generator,LaunchDarkly,luma,Luma,2
dbc59839-4cdd-4470-b9a3-68d9ce3443f0,#64748b,"LaunchDarkly, Airbyte",0.7673050076308612,2025-08-08,integration,,Platform integration and API partnership,a8fbb099-778b-4a55-a614-2d5e96376c92,integration (2025),YC_Relationship_Generator,LaunchDarkly,airbyte,Airbyte,2
f487ce5f-92ac-48bb-a6bf-2c537d116edf,#64748b,"LaunchDarkly, Dropbox",0.7259608914607609,2025-05-03,integration,,Platform integration and API partnership,9f8f4810-5f70-4576-b437-f3ab19d65887,integration (2025),YC_Relationship_Generator,LaunchDarkly,dropbox,Dropbox,2
66175894-f95b-46d8-95a1-78da18188bb8,#64748b,"LaunchDarkly, Razorpay",0.8380088238846004,2024-10-27,integration,,Platform integration and API partnership,1213c22f-895f-4d0f-b4b9-178e972fa066,integration (2024),YC_Relationship_Generator,LaunchDarkly,razorpay,Razorpay,2
3949f2dc-5503-4bfe-92e8-27eb6eac2ed4,#64748b,"Sourcegraph, 23andMe",0.7686421514201879,2024-01-11,integration,,Platform integration and API partnership,f4a06ce9-a13c-4762-9dca-2b5f8443406d,integration (2024),YC_Relationship_Generator,Sourcegraph,23andme,23andMe,2
80c996da-f99d-4bf2-80b8-c3129ff04990,#64748b,"Vercel, Shipt",0.7979177363010298,2024-04-06,integration,,Platform integration and API partnership,b083b3ec-9a04-4217-a500-96a2ac72d6b5,integration (2024),YC_Relationship_Generator,Vercel,shipt,Shipt,2
bb2ba0ab-2116-4f02-9f83-3013b99a2531,#64748b,"Vercel, Canva",0.7778322496433737,2024-07-22,integration,,Platform integration and API partnership,cb0ff83c-eee6-4b4b-81fc-805c886a078b,integration (2024),YC_Relationship_Generator,Vercel,canva,Canva,2
20729355-473d-4bd0-80a7-31a20d7a1c79,#64748b,"Supabase, Samsara",0.8013830997087328,2024-03-17,integration,,Platform integration and API partnership,53b4d09e-2d13-4a15-8f36-ab1cc0bbe58c,integration (2024),YC_Relationship_Generator,Supabase,samsara,Samsara,2
9368d5d6-ed84-4aff-a940-5a30f42cd442,#64748b,"Supabase, Verkada",0.7434845108410306,2023-09-20,integration,,Platform integration and API partnership,ba09c090-eea5-4849-b479-52a8e9f6b820,integration (2023),YC_Relationship_Generator,Supabase,verkada,Verkada,2
