uuid_id,batch,color,deal_activity_count,extraordinary_score,id,industry,label,last_extraordinary_update,logo_source,logo_updated,logo_url,name,size,status,valuation
0ff47915-3306-4c6c-8ee8-f37a9614bf3f,S09,#4ecdc4,12,55,stripe,Fintech,Stripe,2024-01-13T18:30:00,improved_scraper,1757803705.034213,https://images.ctfassets.net/fzn2n1nzq965/HTTOloNPhisV9P4hlMPNA/cacf1bb88b9fc492dfad34378d844280/Stripe_icon_-_square.svg,Stripe,80,Private,95000000000
7eb8f1d1-5c3f-4a52-9fe1-c5586d5a3b00,W16,#4ecdc4,20,55,openai,AI,OpenAI,2024-01-13T18:30:00,,1757803446.910902,https://logo.clearbit.com/openai.com,OpenAI,80,Private,80000000000
f9f7b4e4-9d3b-4266-b8d9-e785262b6a37,W08,#4ecdc4,1,50,airbnb,Travel,Airbnb,2024-01-13T18:30:00,improved_scraper,1757803705.535709,https://a0.muscache.com/airbnb/static/logos/belo-200.png,Airbnb,65,Public,75000000000
55fc457b-d9a2-4153-b4fa-9476ab2ef96e,S12,#95a5a6,0,35,coinbase,Crypto,Coinbase,2024-01-13T18:30:00,improved_scraper,1757803706.037148,https://images.ctfassets.net/q5ulk4bp65r7/3TBS4oVkD1ghowTqVQJlqj/2dfd4ea3b623a7c0d8deb2ff445dee9e/Consumer_Wordmark.svg,Coinbase,60,Public,60000000000
bce22ab8-ec5a-4d68-a937-44db274794b9,S13,#95a5a6,1,35,doordash,Food Delivery,DoorDash,2024-01-13T18:30:00,improved_scraper,1757803706.538419,https://cdn.doordash.com/media/consumer/home/landing/new/DoorDash_Logo_Red.svg,DoorDash,65,Public,50000000000
98d76ce4-f9a6-435c-888b-9c796ace1251,W13,#95a5a6,4,30,canva,Design,Canva,2024-01-13T18:30:00,,1757803452.643977,https://logo.clearbit.com/canva.com,Canva,80,Private,40000000000
5cd19a91-e919-41ff-b698-e659a8fc4744,S12,#95a5a6,3,30,instacart,Grocery,Instacart,2024-01-13T18:30:00,improved_scraper,1757803707.201859,https://logo.clearbit.com/instacart.com,Instacart,75,Private,39000000000
3543b3db-30f0-46d2-adc5-5e3a9fcc9bdd,W14,#95a5a6,1,30,cruise,Autonomous Vehicles,Cruise,2024-01-13T18:30:00,improved_scraper,1757803707.716682,https://logo.clearbit.com/cruise.com,Cruise,60,Private,30000000000
0f14284b-fa1b-4c49-9897-a9a5467f27d3,W12,#95a5a6,1,35,figma,Design,Figma,2024-01-13T18:30:00,,1757803457.049703,https://logo.clearbit.com/figma.com,Figma,54,Acquired,20000000000
694debc4-8058-4896-a1d4-65a5068b0918,W16,#95a5a6,3,30,miro,Collaboration,Miro,2024-01-13T18:30:00,,1757803459.779781,https://logo.clearbit.com/miro.com,Miro,62,Private,17500000000
c4b12ac7-8f90-4416-ab3b-fd00c6456266,W15,#95a5a6,20,35,gitlab,DevTools,GitLab,2024-01-13T18:30:00,improved_scraper,1757803708.217984,https://about.gitlab.com/images/press/logo/svg/gitlab-logo-gray-rgb.svg,GitLab,80,Public,15000000000
091e0edb-6510-4788-afe5-a98791133142,W15,#95a5a6,2,30,discord,Communication,Discord,2024-01-13T18:30:00,,1757803463.69505,https://logo.clearbit.com/discord.com,Discord,55,Private,15000000000
7f9a26ae-43a4-49be-9396-266c90f25d6d,W14,#95a5a6,1,35,samsara,IoT,Samsara,2024-01-13T18:30:00,,1757803466.157583,https://logo.clearbit.com/samsara.com,Samsara,50,Public,15000000000
f112edc6-0b91-41fe-97c7-03b45df384ea,S21,#4ecdc4,18,40,anthropic,AI,Anthropic,2024-01-13T18:30:00,,1757803469.0432582,https://logo.clearbit.com/anthropic.com,Anthropic,80,Private,15000000000
1079b35c-ad49-42cd-865e-31e39f6b5d97,S13,#4ecdc4,14,40,plaid,Fintech,Plaid,2024-01-13T18:30:00,,1757803471.508715,https://logo.clearbit.com/plaid.com,Plaid,80,Private,13400000000
47728196-b748-40b9-bd8e-e7d0a47409d8,W17,#95a5a6,1,30,faire,B2B Marketplace,Faire,2024-01-13T18:30:00,improved_scraper,1757803708.735759,https://logo.clearbit.com/faire.com,Faire,50,Private,12400000000
6bedf8a8-39f6-462f-851f-0dbc265a25de,W17,#4ecdc4,8,40,brex,Fintech,Brex,2024-01-13T18:30:00,improved_scraper,1757803709.2530491,https://logo.clearbit.com/brex.com,Brex,80,Private,12300000000
846082d7-ebf2-40d1-b123-5bb1c38944ba,S19,#95a5a6,2,30,deel,HR Tech,Deel,2024-01-13T18:30:00,improved_scraper,1757803709.7724538,https://logo.clearbit.com/deel.com,Deel,52,Private,12000000000
49d95dd2-1daf-4123-8ead-fbe2d5c6ae55,W17,#95a5a6,3,30,rippling,HR Tech,Rippling,2024-01-13T18:30:00,improved_scraper,1757803710.285888,https://logo.clearbit.com/rippling.com,Rippling,56,Private,11250000000
12cb689b-9eae-4442-9252-0617f70651cc,W12,#95a5a6,13,30,airtable,Database,Airtable,2024-01-13T18:30:00,,1757803477.5308301,https://logo.clearbit.com/airtable.com,Airtable,80,Private,11000000000
2a1ef161-5e4c-43ff-891c-dd65aa4dfbce,S19,#4ecdc4,0,45,notion,Productivity,Notion,2024-01-13T18:30:00,,1757803479.979845,https://logo.clearbit.com/notion.com,Notion,60,Private,10000000000
03eb89fa-35aa-4032-a1cf-7059c6643748,S05,#95a5a6,1,35,reddit,Social Media,Reddit,2024-01-13T18:30:00,improved_scraper,1757803710.787137,https://www.redditstatic.com/shreddit/assets/favicon/192x192.png,Reddit,50,Public,10000000000
30cdd536-fca5-4ffa-876f-5604daccedc2,W12,#95a5a6,3,30,gusto,HR Tech,Gusto,2024-01-13T18:30:00,improved_scraper,1757803711.306205,https://logo.clearbit.com/gusto.com,Gusto,54,Private,9500000000
68ddd7e5-fada-4086-8041-e6a90caf682b,W19,#4ecdc4,2,40,ramp,Fintech,Ramp,2024-01-13T18:30:00,,1757803482.278807,https://bookface-images.s3.amazonaws.com/small_logos/d5d9ef305fdb2a6449bfa11545604de1f338a4ff.png,Ramp,60,Private,8100000000
3a0c9cc4-5e8a-4f4f-b349-9287e7961b02,W14,#95a5a6,2,30,flexport,Logistics,Flexport,2024-01-13T18:30:00,improved_scraper,1757803711.827965,https://logo.clearbit.com/flexport.com,Flexport,50,Private,8000000000
412480c6-5e0e-4f18-bdeb-df04cd252d7b,S07,#ff6b6b,2,60,dropbox,Cloud Storage,Dropbox,2024-01-13T18:30:00,improved_scraper,1757803712.329172,https://cfl.dropboxstatic.com/static/images/logo_catalog/dropbox_logo_glyph_blue_m1@2x-vflJ5vCl4.png,Dropbox,70,Public,8000000000
60ab72e8-45df-422b-83d5-3621c5fb3005,W15,#4ecdc4,6,40,razorpay,Fintech,Razorpay,2024-01-13T18:30:00,improved_scraper,1757803712.846572,https://logo.clearbit.com/razorpay.com,Razorpay,66,Private,7500000000
6df6fa1d-1080-49d8-a6bd-4ad90c447cb2,W15,#4ecdc4,6,40,razorpay_2,Fintech,Razorpay,2024-01-13T18:30:00,improved_scraper,1757803713.360467,https://logo.clearbit.com/razorpay.com,Razorpay,66,Private,7500000000
2db22548-534b-4bfa-9496-ee7e7462adc5,S16,#4ecdc4,14,40,scale_ai,AI,Scale AI,2024-01-13T18:30:00,improved_scraper,1757803716.171606,https://img.logo.dev/scaleai.com?token=pk_X-1ZO13GSgeOoUrIuJ6GMQ,Scale AI,80,Private,7300000000
2e7848c7-47ea-43a1-b6ef-6a4b71c10ee1,S12,#4ecdc4,0,40,benchling,Biotech,Benchling,2024-01-13T18:30:00,improved_scraper,1757803716.7880929,https://logo.clearbit.com/benchling.com,Benchling,60,Private,6100000000
9c8063e5-5e22-443e-8590-432b94a8a529,S13,#95a5a6,0,30,fivetran,Data,Fivetran,2024-01-13T18:30:00,improved_scraper,1757803717.379309,https://logo.clearbit.com/fivetran.com,Fivetran,50,Private,5600000000
12e32374-013b-4de7-849a-eb72fa4b51de,W16,#95a5a6,3,30,rappi,Delivery,Rappi,2024-01-13T18:30:00,improved_scraper,1757803717.965222,https://logo.clearbit.com/rappi.com,Rappi,50,Private,5250000000
1db01d5a-8c78-40e9-a3a8-46459c9484de,W16,#95a5a6,3,30,rappi_2,Delivery,Rappi,2024-01-13T18:30:00,improved_scraper,1757803718.566114,https://logo.clearbit.com/rappi.com,Rappi,50,Private,5250000000
63940854-6226-4637-b0b1-ff6f00b4cb6a,S14,#95a5a6,2,30,checkr,HR Tech,Checkr,2024-01-13T18:30:00,improved_scraper,1757803719.1348522,https://logo.clearbit.com/checkr.com,Checkr,50,Private,5000000000
3f571576-6fdb-47fe-a37f-7ad9a58e99eb,S12,#95a5a6,0,30,zapier,Automation,Zapier,2024-01-13T18:30:00,improved_scraper,1757803719.956332,https://logo.clearbit.com/zapier.com,Zapier,50,Private,5000000000
9f9bea36-37b1-4bbd-a996-c68f9776d77f,W13,#95a5a6,2,30,zenefits,HR Tech,Zenefits,2024-01-13T18:30:00,improved_scraper,1757803720.575563,https://logo.clearbit.com/zenefits.com,Zenefits,50,Private,4500000000
abff9ab0-2c8a-477c-89ef-b2e861d7e2fb,W17,#95a5a6,3,30,dbt_labs,Data,dbt Labs,2024-01-13T18:30:00,,1757803493.5345001,https://logo.clearbit.com/dbtlabs.com,dbt Labs,50,Private,4200000000
7712a6e7-6fe3-4bfa-a2a5-9140f523b907,W20,#95a5a6,0,30,clubhouse,Social Audio,Clubhouse,2024-01-13T18:30:00,,1757803495.987534,https://logo.clearbit.com/clubhouse.com,Clubhouse,50,Private,4000000000
9095c6d0-9e34-4e8d-84e2-1423a1581ade,W16,#95a5a6,0,30,boom_supersonic,Aerospace,Boom Supersonic,2024-01-13T18:30:00,,1757803498.40331,https://logo.clearbit.com/boomsupersonic.com,Boom Supersonic,50,Private,4000000000
253f6250-22ab-4b96-a86c-b97832760e0d,W13,#95a5a6,1,30,webflow,Web Building,Webflow,2024-01-13T18:30:00,improved_scraper,1757803721.2641978,https://logo.clearbit.com/webflow.com,Webflow,50,Private,4000000000
d3bd66da-5508-4c96-88da-05372f5c9da3,W13,#95a5a6,0,30,patreon,Creator Economy,Patreon,2024-01-13T18:30:00,,1757803501.7649128,https://logo.clearbit.com/patreon.com,Patreon,50,Private,4000000000
52875699-2e81-42b7-b324-aa5c2c65362c,W12,#95a5a6,12,35,amplitude,Analytics,Amplitude,2024-01-13T18:30:00,improved_scraper,1757803721.8794482,https://logo.clearbit.com/amplitude.com,Amplitude,80,Public,4000000000
7b595fa2-07d9-42b7-a143-9697e7984281,W17,#95a5a6,21,30,retool,DevTools,Retool,2024-01-13T18:30:00,,1757803504.113007,https://bookface-images.s3.amazonaws.com/small_logos/ecc14f4467de840a1f3cab7b6be0c2d1c0ab785c.png,Retool,80,Private,3200000000
c7fd0a26-4fc8-4a6c-88a6-c64d9fc59be0,W17,#95a5a6,21,30,retool_2,DevTools,Retool,2024-01-13T18:30:00,,1757803504.113007,https://bookface-images.s3.amazonaws.com/small_logos/ecc14f4467de840a1f3cab7b6be0c2d1c0ab785c.png,Retool,80,Private,3200000000
a05c4c03-382e-4ced-80e5-97dbf9686817,W16,#95a5a6,2,30,verkada,Security,Verkada,2024-01-13T18:30:00,,1757803506.5809631,https://logo.clearbit.com/verkada.com,Verkada,50,Private,3200000000
2e451f42-8af2-42b6-b294-17de25b1ee78,W15,#95a5a6,0,30,ironclad,Legal Tech,Ironclad,2024-01-13T18:30:00,improved_scraper,1757803722.520712,https://logo.clearbit.com/ironclad.com,Ironclad,50,Private,3200000000
549d23e2-6736-4dd3-8b2d-ca34375326fa,S13,#95a5a6,1,30,zymergen,Biotech,Zymergen,2024-01-13T18:30:00,,1757803509.795846,https://logo.clearbit.com/zymergen.com,Zymergen,50,Acquired,3200000000
df97d82a-d4b5-4525-9036-d537dda1c5ae,S11,#95a5a6,13,20,segment,Analytics,Segment,2024-01-13T18:30:00,improved_scraper,1757803723.388757,https://logo.clearbit.com/segment.com,Segment,80,Acquired,3200000000
a93c6a20-2c02-4931-b2fb-5b9de4f0a231,W14,#95a5a6,7,30,launchdarkly,DevTools,LaunchDarkly,2024-01-13T18:30:00,,1757803512.995012,https://logo.clearbit.com/launchdarkly.com,LaunchDarkly,62,Private,3000000000
0c12c449-506c-4222-aa7f-314d5f2c9ec7,W13,#95a5a6,0,30,calendly,Scheduling,Calendly,2024-01-13T18:30:00,,1757803515.402493,https://logo.clearbit.com/calendly.com,Calendly,50,Private,3000000000
197900a1-7e6f-4d38-b87f-bc68eb185326,S15,#95a5a6,3,30,lattice,HR Tech,Lattice,2024-01-13T18:30:00,improved_scraper,1757803724.020649,https://logo.clearbit.com/lattice.com,Lattice,50,Private,3000000000
78a3e0eb-d4bc-44db-8a22-9938aeb9f89a,S11,#95a5a6,2,20,postmates,Delivery,Postmates,2024-01-13T18:30:00,,1757803518.527309,https://logo.clearbit.com/postmates.com,Postmates,50,Acquired,2650000000
aaa84fba-2d5c-43f1-bfb8-02f7d4229deb,S13,#95a5a6,8,30,sourcegraph,DevTools,Sourcegraph,2024-01-13T18:30:00,,1757803520.937946,https://logo.clearbit.com/sourcegraph.com,Sourcegraph,66,Private,2600000000
5451ec1e-8347-44bb-9ebf-3c7124e18828,S20,#95a5a6,10,30,vercel,DevTools,Vercel,2024-01-13T18:30:00,,1757803523.410354,https://logo.clearbit.com/vercel.com,Vercel,76,Private,2500000000
b1baf947-54a9-43df-a324-846a0fe31e91,S14,#4ecdc4,1,45,ginkgo_bioworks,Biotech,Ginkgo Bioworks,2024-01-13T18:30:00,improved_scraper,1757803725.7265012,https://img.logo.dev/ginkgobioworks.com?token=pk_X-1ZO13GSgeOoUrIuJ6GMQ,Ginkgo Bioworks,60,Public,2500000000
78861d59-4a4d-461a-b094-18650624bced,S10,#95a5a6,1,35,pagerduty,DevOps,PagerDuty,2024-01-13T18:30:00,,1757803524.891867,https://bookface-images.s3.amazonaws.com/small_logos/18fd6f870541d2398827dedc9e57678e8770c424.png,PagerDuty,50,Public,2500000000
89638d94-3b53-414f-b6d0-09a3e75dfd3b,W14,#95a5a6,1,30,algolia,Search,Algolia,2024-01-13T18:30:00,improved_scraper,1757803726.298622,https://logo.clearbit.com/algolia.com,Algolia,50,Private,2250000000
1ccbe07c-8286-473c-8dda-58fd67b31b7c,W17,#95a5a6,6,30,clipboard_health,Healthcare,Clipboard Health,2024-01-13T18:30:00,improved_scraper,1757803726.834526,https://logo.clearbit.com/clipboardhealth.com,Clipboard Health,54,Private,2000000000
60d6187e-5fe1-4f8e-8944-1fae0f47d9f1,S20,#95a5a6,10,30,supabase,Database,Supabase,2024-01-13T18:30:00,improved_scraper,1757803727.380078,https://logo.clearbit.com/supabase.com,Supabase,74,Private,2000000000
c0131207-08a0-460b-96a1-18e80d84f158,S10,#95a5a6,4,30,docker,DevTools,Docker,2024-01-13T18:30:00,,1757803528.3460999,https://bookface-images.s3.amazonaws.com/small_logos/8f74c3796e1b7675bab6c99118bcf9dd7b94ceec.png,Docker,50,Private,2000000000
747a1dc1-6363-4668-9600-e9745de90c75,S17,#4ecdc4,2,40,mercury,Fintech,Mercury,2024-01-13T18:30:00,,1757803530.799275,https://logo.clearbit.com/mercury.com,Mercury,60,Private,1600000000
c1557b80-4733-46d5-8e38-e985f83e6aa2,W20,#95a5a6,4,30,airbyte,Data,Airbyte,2024-01-13T18:30:00,improved_scraper,1757803727.901673,https://logo.clearbit.com/airbyte.com,Airbyte,50,Private,1500000000
8ee6e5f2-f74c-414d-b26f-81dcf523ebef,W17,#95a5a6,2,30,pilot,Accounting,Pilot,2024-01-13T18:30:00,improved_scraper,1757803728.44546,https://logo.clearbit.com/pilot.com,Pilot,50,Private,1200000000
7c083a59-d8a0-4dbb-9c7a-7ef3f4433cdb,S09,#95a5a6,3,30,mixpanel,Analytics,Mixpanel,2024-01-13T18:30:00,improved_scraper,1757803729.024588,https://logo.clearbit.com/mixpanel.com,Mixpanel,50,Private,1050000000
475a4b14-d593-46f0-a2d3-4fe38976af4b,W17,#4ecdc4,5,40,weights_&_biases,AI/ML,Weights & Biases,2024-01-13T18:30:00,improved_scraper,1757803730.8990211,https://img.logo.dev/weights&biases.com?token=pk_X-1ZO13GSgeOoUrIuJ6GMQ,Weights & Biases,60,Private,1000000000
2ac9fcab-e0aa-4803-9bb3-3de2e67cba63,W16,#95a5a6,0,30,sendbird,Communication,Sendbird,2024-01-13T18:30:00,improved_scraper,1757803731.425803,https://logo.clearbit.com/sendbird.com,Sendbird,50,Private,1000000000
32fa625d-06b0-42eb-820c-2d7bf1c0e0fb,W10,#95a5a6,4,30,optimizely,Analytics,Optimizely,2024-01-13T18:30:00,,1757803537.728431,https://bookface-images.s3.amazonaws.com/small_logos/0d8d48fc3d7aa043a1e1d86d30f84a388f342454.png,Optimizely,50,Private,1000000000
98ddce81-02fd-41b6-bf65-4ebaf1341e88,W06,#95a5a6,9,35,23andme,Healthcare,23andMe,2024-01-13T18:30:00,,1757803538.9063349,https://www.ycombinator.com/logos/medium/missing.png,23andMe,65,Public,1000000000
79a5082a-6879-4177-97be-c78f32d24d53,S18,#95a5a6,9,30,planetscale,Database,PlanetScale,2024-01-13T18:30:00,,1757803541.6901388,https://logo.clearbit.com/planetscale.com,PlanetScale,65,Private,1000000000
d424a31b-cd56-4aca-a6d8-f2f2923fb8f7,W16,#95a5a6,0,20,loom,Video,Loom,2024-01-13T18:30:00,,1757803542.422335,https://www.ycombinator.com/logos/medium/missing.png,Loom,50,Acquired,975000000
988154b7-99fe-4cad-b413-2b8464d87399,S07,#95a5a6,0,20,twitch,Gaming,Twitch,2024-01-13T18:30:00,improved_scraper,1757803731.984108,https://logo.clearbit.com/twitch.com,Twitch,50,Acquired,970000000
c6fef905-555a-40dc-be1d-46e89fedcba2,W17,#4ecdc4,1,40,superhuman,Email,Superhuman,2024-01-13T18:30:00,,1757803545.501448,https://logo.clearbit.com/superhuman.com,Superhuman,60,Private,825000000
ff633f03-1d20-4663-8b53-776f45f71ddc,S14,#95a5a6,1,30,front,Communication,Front,2024-01-13T18:30:00,improved_scraper,1757803732.675529,https://logo.clearbit.com/front.com,Front,50,Private,800000000
c075896a-528e-477f-bb96-13efce27f409,W18,#95a5a6,2,30,substack,Publishing,Substack,2024-01-13T18:30:00,improved_scraper,1757803733.3477209,https://logo.clearbit.com/substack.com,Substack,50,Private,650000000
ee58b3e5-8ef0-430d-8a2d-13bbfacae4c8,W14,#95a5a6,3,20,shipt,Grocery,Shipt,2024-01-13T18:30:00,,1757803549.443955,https://logo.clearbit.com/shipt.com,Shipt,50,Acquired,550000000
2364ac80-8aba-476e-8bf5-3e84e5a0c600,W20,#95a5a6,4,30,posthog,Analytics,PostHog,2024-01-13T18:30:00,improved_scraper,1757803734.0400572,https://logo.clearbit.com/posthog.com,PostHog,50,Private,400000000
6f83bea4-0839-4439-9a4c-00fc85e878ca,W20,#95a5a6,5,30,hightouch,Data,Hightouch,2024-01-13T18:30:00,improved_scraper,1757803734.7485409,https://logo.clearbit.com/hightouch.com,Hightouch,50,Private,400000000
89e465a1-658b-4e33-9fd2-921fb9392627,W19,#95a5a6,3,30,linear,Project Management,Linear,2024-01-13T18:30:00,,1757803553.6283488,https://logo.clearbit.com/linear.com,Linear,50,Private,400000000
76905fdb-934b-4a52-8bad-a778985de93a,W18,#95a5a6,3,30,hex,Data,Hex,2024-01-13T18:30:00,,1757803556.016922,https://logo.clearbit.com/hex.com,Hex,50,Private,400000000
7ca09d53-0a3d-4136-8236-f493a65ab008,W07,#95a5a6,1,20,weebly,Web Building,Weebly,2024-01-13T18:30:00,improved_scraper,1757803735.4913988,https://logo.clearbit.com/weebly.com,Weebly,50,Acquired,365000000
8b1b0f32-e9b1-4fd2-8ead-79a68e545644,W17,#95a5a6,10,20,modern_fertility,Healthcare,Modern Fertility,2024-01-13T18:30:00,improved_scraper,1757803736.2160242,https://logo.clearbit.com/modernfertility.com,Modern Fertility,62,Acquired,225000000
c91771e0-3559-4271-a4c1-6ff47cd37908,W08,#95a5a6,2,20,heroku,DevTools,Heroku,2024-01-13T18:30:00,improved_scraper,1757803736.7544682,https://logo.clearbit.com/heroku.com,Heroku,50,Acquired,212000000
8b435a18-d54c-4445-830e-2734c339cc48,W20,#95a5a6,1,30,temporal,Infrastructure,Temporal,2024-01-13T18:30:00,,1757803560.710631,https://logo.clearbit.com/temporal.com,Temporal,50,Private,200000000
e16687a7-8760-49ba-abf6-10d476bb3862,W15,#95a5a6,3,30,buildkite,DevTools,Buildkite,2024-01-13T18:30:00,,1757803563.418874,https://logo.clearbit.com/buildkite.com,Buildkite,50,Private,200000000
ebb49d66-ccc5-4678-b3e2-e64d4ad00f9d,S16,#95a5a6,2,30,metabase,Analytics,Metabase,2024-01-13T18:30:00,,1757803565.8068962,https://logo.clearbit.com/metabase.com,Metabase,50,Private,200000000
4ed0e488-0dcf-4d7a-b95f-d0d7b5e6cdca,S13,#95a5a6,4,20,clearbit,Data,Clearbit,2024-01-13T18:30:00,,1757803568.196209,https://logo.clearbit.com/clearbit.com,Clearbit,50,Acquired,200000000
7137a6bb-629a-4091-ab99-71a4fb4dda4a,W21,#95a5a6,1,30,preset,Analytics,Preset,2024-01-13T18:30:00,,1757803571.70812,https://logo.clearbit.com/preset.com,Preset,50,Private,100000000
2b97f8e9-abb1-4585-87b3-dd61d6cc3821,W18,#95a5a6,4,30,hasura,Database,Hasura,2024-01-13T18:30:00,,1757803574.4938009,https://logo.clearbit.com/hasura.com,Hasura,50,Private,100000000
dbdfa72b-6925-4c05-b6bc-7bdca1770d78,W17,#95a5a6,6,30,fly.io,Infrastructure,Fly.io,2024-01-13T18:30:00,,1757803577.2317069,https://logo.clearbit.com/fly.io.com,Fly.io,50,Private,100000000
9f1bd093-de52-4101-8f8c-0a1246e4a31e,W10,#95a5a6,3,30,healthtap,Healthcare,Healthtap,2024-01-13T18:30:00,,1757803579.646404,https://logo.clearbit.com/healthtap.com,Healthtap,50,Private,100000000
0d21cf2d-c4c6-4a55-a110-550380c06c27,S21,#95a5a6,0,30,neon,Database,Neon,2024-01-13T18:30:00,,1757803582.397011,https://logo.clearbit.com/neon.com,Neon,50,Private,100000000
27fe4126-ec78-4e7b-a8c2-45d573bf6bb8,S19,#95a5a6,5,30,render,Infrastructure,Render,2024-01-13T18:30:00,,1757803584.830456,https://logo.clearbit.com/render.com,Render,50,Private,100000000
a9d0b655-5783-4435-8c07-5715e89fce7c,S19,#95a5a6,1,30,rudderstack,Data,Rudderstack,2024-01-13T18:30:00,,1757803587.286748,https://logo.clearbit.com/rudderstack.com,Rudderstack,50,Private,100000000
a4f706df-847c-4559-9b5b-13b1fe94add4,S18,#95a5a6,1,30,census,Data,Census,2024-01-13T18:30:00,,1757803589.91258,https://logo.clearbit.com/census.com,Census,50,Private,100000000
cc285f42-591f-40ca-8089-e42424bc0487,S13,#95a5a6,10,30,teespring,E-commerce,Teespring,2024-01-13T18:30:00,improved_scraper,1757803737.3079429,https://logo.clearbit.com/teespring.com,Teespring,60,Private,100000000
ee1b1e94-d8c8-4c76-97ea-a47a941e270b,S11,#95a5a6,6,30,gumroad,E-commerce,Gumroad,2024-01-13T18:30:00,,1757803593.3197849,https://logo.clearbit.com/gumroad.com,Gumroad,50,Private,100000000
6f62bac2-da1e-49bf-81b6-e0320b27e3d3,W21,#95a5a6,1,30,luma,Events,Luma,2024-01-13T18:30:00,,1757803595.7476108,https://logo.clearbit.com/luma.com,Luma,50,Private,50000000
1467a644-472e-4029-9892-61c7589908c1,W18,#95a5a6,2,30,cube,Analytics,Cube,2024-01-13T18:30:00,,1757803596.711322,https://bookface-images.s3.amazonaws.com/small_logos/39ebc48cd35c22d4c08ba48f40dd02101c10e35a.png,Cube,50,Private,50000000
74b26342-4f75-431a-8af2-13d657308f17,W17,#95a5a6,2,30,observable,Analytics,Observable,2024-01-13T18:30:00,improved_scraper,1757803738.560246,https://img.logo.dev/observable.com?token=pk_X-1ZO13GSgeOoUrIuJ6GMQ,Observable,50,Private,50000000
64e1430d-0767-4c1a-b0ae-2a9372c97c61,S20,#95a5a6,4,30,railway,DevTools,Railway,2024-01-13T18:30:00,,1757803601.80559,https://logo.clearbit.com/railway.com,Railway,50,Private,50000000
